pool,policy,n_true,true_admitted,true_admission_rate,true_wilson_low,true_wilson_high,cvss_available
CVEfixes true pairs,cvss_only,12668,6093,0.4809756867698137,0.4722821654716733,0.48968074247928717,11748
CVEfixes true pairs,structural_only,12668,10302,0.8132301862961794,0.8063489655364714,0.8199214960842318,11748
CVEfixes true pairs,category_gate,12668,8037,0.6344332175560468,0.6260073366468586,0.6427775918158575,11748
CVEfixes true pairs,mddc_strict,12668,6240,0.4925797284496369,0.4838773459211359,0.5012866098771641,11748
